,0,1,2
0,5126,5126,0.00
1,5125,5126,256.47
2,5124,5126,628.59
3,5123,5126,1475.35
4,5122,5126,315.95
5,5121,5126,431.60
6,5120,5126,171.87
7,5013,5126,77.49
8,5014,5126,21.21
9,5015,5126,67.56
10,5016,5126,491.45
11,5017,5126,174.04
12,5018,5126,254.55
13,5019,5126,36.40
14,5020,5126,34.78
15,5306,5126,79.98
16,5305,5126,71.72
17,5304,5126,72.72
18,5303,5126,66.73
19,5302,5126,31.88
20,5301,5126,34.65
21,5012,5126,27.41
22,5011,5126,148.08
23,5010,5126,204.77
24,5009,5126,4.17
25,5008,5126,8.89
26,5007,5126,0.09
27,5006,5126,0.31
28,5005,5126,0.24
29,5004,5126,0.15
30,5003,5126,0.05
31,5002,5126,0.21
32,5001,5126,0.00
33,5119,5126,161.03
34,5118,5126,36.17
35,5117,5126,34.56
36,5116,5126,14.58
37,5115,5126,16.54
38,5114,5126,9.26
39,5113,5126,2.18
40,5112,5126,11.99
41,5111,5126,15.62
42,5110,5126,20.29
43,5109,5126,12.59
44,5108,5126,3.27
45,5107,5126,4.12
46,5106,5126,3.40
47,5105,5126,2.77
48,5104,5126,11.19
49,5103,5126,5.29
50,5102,5126,9.76
51,5101,5126,139.50
52,5126,5125,195.49
53,5125,5125,0.00
54,5124,5125,363.69
55,5123,5125,501.46
56,5122,5125,181.55
57,5121,5125,234.96
58,5120,5125,66.32
59,5013,5125,30.08
60,5014,5125,13.66
61,5015,5125,36.10
62,5016,5125,288.14
63,5017,5125,89.19
64,5018,5125,132.93
65,5019,5125,24.18
66,5020,5125,21.53
67,5306,5125,43.88
68,5305,5125,45.19
69,5304,5125,39.03
70,5303,5125,47.06
71,5302,5125,22.53
72,5301,5125,22.15
73,5012,5125,12.14
74,5011,5125,104.21
75,5010,5125,141.21
76,5009,5125,5.26
77,5008,5125,18.39
78,5007,5125,0.18
79,5006,5125,0.33
80,5005,5125,0.77
81,5004,5125,0.16
82,5003,5125,0.00
83,5002,5125,0.16
84,5001,5125,0.00
85,5119,5125,122.00
86,5118,5125,26.59
87,5117,5125,26.20
88,5116,5125,9.56
89,5115,5125,11.17
90,5114,5125,7.43
91,5113,5125,2.53
92,5112,5125,8.58
93,5111,5125,13.55
94,5110,5125,14.01
95,5109,5125,8.86
96,5108,5125,2.16
97,5107,5125,2.72
98,5106,5125,1.90
99,5105,5125,1.35
100,5104,5125,6.73
101,5103,5125,3.23
102,5102,5125,8.01
103,5101,5125,105.74
104,5126,5124,206.63
105,5125,5124,109.72
106,5124,5124,0.00
107,5123,5124,53.19
108,5122,5124,48.39
109,5121,5124,79.13
110,5120,5124,23.31
111,5013,5124,9.96
112,5014,5124,9.67
113,5015,5124,17.85
114,5016,5124,119.00
115,5017,5124,35.67
116,5018,5124,59.11
117,5019,5124,10.83
118,5020,5124,11.67
119,5306,5124,19.73
120,5305,5124,18.47
121,5304,5124,13.38
122,5303,5124,19.61
123,5302,5124,10.27
124,5301,5124,14.39
125,5012,5124,5.08
126,5011,5124,17.16
127,5010,5124,42.07
128,5009,5124,1.10
129,5008,5124,4.03
130,5007,5124,0.12
131,5006,5124,0.09
132,5005,5124,0.38
133,5004,5124,0.30
134,5003,5124,0.00
135,5002,5124,0.36
136,5001,5124,0.04
137,5119,5124,20.04
138,5118,5124,6.68
139,5117,5124,12.34
140,5116,5124,5.41
141,5115,5124,5.68
142,5114,5124,3.04
143,5113,5124,1.15
144,5112,5124,2.33
145,5111,5124,2.58
146,5110,5124,5.56
147,5109,5124,6.13
148,5108,5124,0.86
149,5107,5124,1.08
150,5106,5124,1.01
151,5105,5124,0.79
152,5104,5124,2.80
153,5103,5124,1.30
154,5102,5124,3.04
155,5101,5124,49.79
156,5126,5123,317.33
157,5125,5123,129.68
158,5124,5123,39.88
159,5123,5123,0.00
160,5122,5123,237.78
161,5121,5123,172.40
162,5120,5123,66.11
163,5013,5123,32.01
164,5014,5123,35.22
165,5015,5123,56.91
166,5016,5123,452.13
167,5017,5123,146.50
168,5018,5123,246.62
169,5019,5123,34.87
170,5020,5123,29.98
171,5306,5123,67.11
172,5305,5123,48.88
173,5304,5123,45.64
174,5303,5123,63.14
175,5302,5123,32.49
176,5301,5123,30.91
177,5012,5123,13.54
178,5011,5123,32.46
179,5010,5123,94.55
180,5009,5123,2.50
181,5008,5123,15.50
182,5007,5123,0.46
183,5006,5123,1.00
184,5005,5123,1.90
185,5004,5123,1.99
186,5003,5123,0.00
187,5002,5123,2.00
188,5001,5123,1.18
189,5119,5123,54.80
190,5118,5123,12.96
191,5117,5123,15.52
192,5116,5123,8.44
193,5115,5123,8.03
194,5114,5123,4.98
195,5113,5123,1.31
196,5112,5123,5.36
197,5111,5123,7.01
198,5110,5123,11.33
199,5109,5123,10.37
200,5108,5123,1.45
201,5107,5123,1.84
202,5106,5123,1.93
203,5105,5123,1.60
204,5104,5123,5.90
205,5103,5123,2.53
206,5102,5123,5.84
207,5101,5123,62.65
208,5126,5122,190.81
209,5125,5122,125.19
210,5124,5122,111.27
211,5123,5122,236.05
212,5122,5122,0.00
213,5121,5122,49.82
214,5120,5122,24.04
215,5013,5122,12.39
216,5014,5122,11.09
217,5015,5122,17.43
218,5016,5122,111.99
219,5017,5122,35.65
220,5018,5122,69.95
221,5019,5122,7.60
222,5020,5122,6.51
223,5306,5122,17.60
224,5305,5122,12.40
225,5304,5122,16.49
226,5303,5122,15.01
227,5302,5122,8.57
228,5301,5122,6.57
229,5012,5122,4.83
230,5011,5122,15.30
231,5010,5122,45.19
232,5009,5122,3.12
233,5008,5122,16.45
234,5007,5122,1.07
235,5006,5122,7.98
236,5005,5122,4.70
237,5004,5122,5.31
238,5003,5122,0.64
239,5002,5122,4.90
240,5001,5122,1.96
241,5119,5122,32.12
242,5118,5122,6.63
243,5117,5122,5.61
244,5116,5122,2.93
245,5115,5122,3.20
246,5114,5122,2.05
247,5113,5122,0.50
248,5112,5122,2.78
249,5111,5122,3.76
250,5110,5122,5.44
251,5109,5122,2.40
252,5108,5122,0.39
253,5107,5122,0.49
254,5106,5122,0.51
255,5105,5122,0.48
256,5104,5122,2.25
257,5103,5122,0.79
258,5102,5122,2.26
259,5101,5122,22.66
260,5126,5121,165.92
261,5125,5121,137.50
262,5124,5121,157.58
263,5123,5121,401.33
264,5122,5121,78.28
265,5121,5121,0.00
266,5120,5121,122.96
267,5013,5121,57.39
268,5014,5121,19.72
269,5015,5121,42.96
270,5016,5121,280.33
271,5017,5121,109.25
272,5018,5121,231.96
273,5019,5121,23.07
274,5020,5121,22.18
275,5306,5121,62.70
276,5305,5121,46.81
277,5304,5121,72.66
278,5303,5121,45.84
279,5302,5121,27.51
280,5301,5121,28.08
281,5012,5121,27.46
282,5011,5121,23.02
283,5010,5121,90.77
284,5009,5121,4.20
285,5008,5121,20.55
286,5007,5121,1.96
287,5006,5121,8.82
288,5005,5121,3.18
289,5004,5121,7.21
290,5003,5121,1.65
291,5002,5121,3.83
292,5001,5121,2.77
293,5119,5121,101.35
294,5118,5121,20.65
295,5117,5121,14.97
296,5116,5121,11.64
297,5115,5121,8.84
298,5114,5121,6.19
299,5113,5121,1.22
300,5112,5121,9.85
301,5111,5121,14.27
302,5110,5121,16.85
303,5109,5121,6.91
304,5108,5121,1.88
305,5107,5121,2.37
306,5106,5121,2.08
307,5105,5121,1.75
308,5104,5121,8.81
309,5103,5121,2.94
310,5102,5121,6.52
311,5101,5121,60.43
312,5126,5120,53.17
313,5125,5120,28.52
314,5124,5120,25.65
315,5123,5120,63.26
316,5122,5120,18.31
317,5121,5120,54.76
318,5120,5120,0.00
319,5013,5120,6.10
320,5014,5120,6.60
321,5015,5120,4.78
322,5016,5120,28.07
323,5017,5120,7.94
324,5018,5120,33.69
325,5019,5120,2.58
326,5020,5120,2.79
327,5306,5120,4.60
328,5305,5120,4.34
329,5304,5120,4.24
330,5303,5120,4.45
331,5302,5120,4.69
332,5301,5120,2.88
333,5012,5120,2.82
334,5011,5120,10.93
335,5010,5120,23.96
336,5009,5120,1.16
337,5008,5120,3.12
338,5007,5120,0.38
339,5006,5120,2.59
340,5005,5120,0.65
341,5004,5120,1.64
342,5003,5120,0.59
343,5002,5120,1.09
344,5001,5120,0.62
345,5119,5120,22.79
346,5118,5120,3.90
347,5117,5120,2.38
348,5116,5120,1.86
349,5115,5120,1.67
350,5114,5120,0.43
351,5113,5120,0.12
352,5112,5120,1.17
353,5111,5120,1.85
354,5110,5120,1.27
355,5109,5120,0.59
356,5108,5120,0.18
357,5107,5120,0.23
358,5106,5120,0.27
359,5105,5120,0.23
360,5104,5120,1.03
361,5103,5120,0.35
362,5102,5120,0.79
363,5101,5120,9.59
364,5126,5013,23.83
365,5125,5013,13.85
366,5124,5013,15.15
367,5123,5013,29.61
368,5122,5013,10.64
369,5121,5013,18.33
370,5120,5013,5.64
371,5013,5013,0.00
372,5014,5013,5.75
373,5015,5013,6.08
374,5016,5013,34.16
375,5017,5013,8.89
376,5018,5013,8.82
377,5019,5013,2.43
378,5020,5013,3.87
379,5306,5013,3.32
380,5305,5013,2.71
381,5304,5013,3.10
382,5303,5013,7.93
383,5302,5013,3.73
384,5301,5013,1.54
385,5012,5013,0.81
386,5011,5013,8.18
387,5010,5013,14.53
388,5009,5013,8.67
389,5008,5013,6.23
390,5007,5013,0.99
391,5006,5013,5.39
392,5005,5013,0.81
393,5004,5013,3.94
394,5003,5013,3.01
395,5002,5013,8.86
396,5001,5013,1.46
397,5119,5013,0.37
398,5118,5013,0.34
399,5117,5013,0.81
400,5116,5013,0.29
401,5115,5013,0.79
402,5114,5013,0.10
403,5113,5013,0.03
404,5112,5013,0.47
405,5111,5013,0.36
406,5110,5013,0.26
407,5109,5013,0.13
408,5108,5013,0.08
409,5107,5013,0.10
410,5106,5013,0.07
411,5105,5013,0.03
412,5104,5013,0.23
413,5103,5013,0.06
414,5102,5013,0.38
415,5101,5013,3.27
416,5126,5014,12.43
417,5125,5014,9.85
418,5124,5014,21.63
419,5123,5014,86.14
420,5122,5014,17.24
421,5121,5014,47.33
422,5120,5014,29.41
423,5013,5014,47.66
424,5014,5014,0.00
425,5015,5014,64.84
426,5016,5014,487.60
427,5017,5014,282.92
428,5018,5014,381.72
429,5019,5014,28.13
430,5020,5014,19.38
431,5306,5014,0.00
432,5305,5014,0.19
433,5304,5014,0.55
434,5303,5014,0.06
435,5302,5014,0.15
436,5301,5014,0.07
437,5012,5014,32.51
438,5011,5014,24.82
439,5010,5014,30.39
440,5009,5014,24.75
441,5008,5014,30.00
442,5007,5014,4.50
443,5006,5014,24.47
444,5005,5014,3.92
445,5004,5014,13.75
446,5003,5014,9.72
447,5002,5014,20.89
448,5001,5014,4.74
449,5119,5014,0.29
450,5118,5014,0.26
451,5117,5014,0.42
452,5116,5014,0.11
453,5115,5014,0.14
454,5114,5014,0.08
455,5113,5014,0.02
456,5112,5014,0.07
457,5111,5014,0.04
458,5110,5014,0.10
459,5109,5014,0.03
460,5108,5014,0.01
461,5107,5014,0.02
462,5106,5014,0.01
463,5105,5014,0.01
464,5104,5014,0.05
465,5103,5014,0.04
466,5102,5014,0.03
467,5101,5014,1.69
468,5126,5015,53.97
469,5125,5015,30.36
470,5124,5015,27.62
471,5123,5015,62.51
472,5122,5015,16.70
473,5121,5015,29.55
474,5120,5015,2.58
475,5013,5015,3.32
476,5014,5015,15.47
477,5015,5015,0.00
478,5016,5015,46.96
479,5017,5015,8.99
480,5018,5015,19.95
481,5019,5015,10.76
482,5020,5015,6.89
483,5306,5015,0.59
484,5305,5015,4.30
485,5304,5015,21.12
486,5303,5015,0.73
487,5302,5015,5.78
488,5301,5015,1.19
489,5012,5015,0.92
490,5011,5015,14.14
491,5010,5015,15.01
492,5009,5015,13.65
493,5008,5015,9.96
494,5007,5015,1.74
495,5006,5015,13.11
496,5005,5015,1.48
497,5004,5015,8.38
498,5003,5015,8.64
499,5002,5015,12.89
500,5001,5015,4.25
501,5119,5015,0.47
502,5118,5015,0.37
503,5117,5015,0.68
504,5116,5015,0.52
505,5115,5015,0.84
506,5114,5015,0.14
507,5113,5015,0.00
508,5112,5015,0.12
509,5111,5015,0.14
510,5110,5015,0.33
511,5109,5015,0.18
512,5108,5015,0.04
513,5107,5015,0.06
514,5106,5015,0.02
515,5105,5015,0.08
516,5104,5015,0.95
517,5103,5015,0.11
518,5102,5015,0.15
519,5101,5015,2.73
520,5126,5016,230.40
521,5125,5016,101.99
522,5124,5016,80.77
523,5123,5016,192.20
524,5122,5016,52.19
525,5121,5016,113.76
526,5120,5016,19.31
527,5013,5016,46.89
528,5014,5016,44.24
529,5015,5016,69.02
530,5016,5016,0.00
531,5017,5016,208.68
532,5018,5016,343.09
533,5019,5016,87.93
534,5020,5016,77.89
535,5306,5016,0.68
536,5305,5016,0.65
537,5304,5016,6.74
538,5303,5016,0.06
539,5302,5016,0.65
540,5301,5016,0.02
541,5012,5016,19.13
542,5011,5016,66.53
543,5010,5016,77.02
544,5009,5016,51.49
545,5008,5016,46.29
546,5007,5016,6.48
547,5006,5016,50.49
548,5005,5016,11.21
549,5004,5016,39.32
550,5003,5016,32.24
551,5002,5016,53.87
552,5001,5016,12.41
553,5119,5016,1.55
554,5118,5016,1.51
555,5117,5016,3.60
556,5116,5016,2.03
557,5115,5016,1.39
558,5114,5016,0.37
559,5113,5016,0.01
560,5112,5016,0.67
561,5111,5016,0.58
562,5110,5016,1.41
563,5109,5016,0.55
564,5108,5016,0.12
565,5107,5016,0.15
566,5106,5016,0.21
567,5105,5016,0.18
568,5104,5016,0.55
569,5103,5016,0.43
570,5102,5016,0.54
571,5101,5016,14.53
572,5126,5017,67.58
573,5125,5017,32.22
574,5124,5017,21.72
575,5123,5017,53.22
576,5122,5017,20.47
577,5121,5017,38.14
578,5120,5017,3.46
579,5013,5017,3.67
580,5014,5017,17.56
581,5015,5017,14.85
582,5016,5017,94.39
583,5017,5017,0.00
584,5018,5017,27.91
585,5019,5017,29.98
586,5020,5017,15.30
587,5306,5017,0.82
588,5305,5017,1.86
589,5304,5017,2.11
590,5303,5017,0.09
591,5302,5017,0.05
592,5301,5017,0.00
593,5012,5017,1.45
594,5011,5017,17.06
595,5010,5017,24.28
596,5009,5017,13.98
597,5008,5017,8.63
598,5007,5017,1.22
599,5006,5017,13.60
600,5005,5017,2.93
601,5004,5017,10.38
602,5003,5017,9.58
603,5002,5017,13.90
604,5001,5017,4.91
605,5119,5017,0.50
606,5118,5017,0.50
607,5117,5017,1.21
608,5116,5017,1.31
609,5115,5017,0.42
610,5114,5017,0.33
611,5113,5017,0.03
612,5112,5017,0.18
613,5111,5017,0.49
614,5110,5017,0.21
615,5109,5017,0.16
616,5108,5017,0.13
617,5107,5017,0.17
618,5106,5017,0.07
619,5105,5017,0.03
620,5104,5017,0.26
621,5103,5017,0.35
622,5102,5017,0.51
623,5101,5017,4.87
624,5126,5018,71.17
625,5125,5018,43.19
626,5124,5018,32.30
627,5123,5018,89.70
628,5122,5018,29.48
629,5121,5018,63.17
630,5120,5018,8.52
631,5013,5018,6.64
632,5014,5018,32.12
633,5015,5018,22.37
634,5016,5018,171.05
635,5017,5018,57.52
636,5018,5018,0.00
637,5019,5018,24.53
638,5020,5018,27.62
639,5306,5018,1.85
640,5305,5018,4.82
641,5304,5018,4.61
642,5303,5018,0.28
643,5302,5018,0.00
644,5301,5018,0.00
645,5012,5018,3.07
646,5011,5018,22.46
647,5010,5018,36.02
648,5009,5018,24.81
649,5008,5018,12.95
650,5007,5018,2.42
651,5006,5018,21.10
652,5005,5018,4.43
653,5004,5018,16.21
654,5003,5018,12.20
655,5002,5018,20.47
656,5001,5018,5.84
657,5119,5018,0.87
658,5118,5018,0.78
659,5117,5018,1.90
660,5116,5018,1.01
661,5115,5018,0.35
662,5114,5018,0.18
663,5113,5018,0.06
664,5112,5018,0.87
665,5111,5018,0.45
666,5110,5018,0.52
667,5109,5018,0.81
668,5108,5018,0.06
669,5107,5018,0.08
670,5106,5018,0.04
671,5105,5018,0.02
672,5104,5018,0.16
673,5103,5018,0.07
674,5102,5018,0.26
675,5101,5018,7.67
676,5126,5019,82.46
677,5125,5019,41.60
678,5124,5019,39.29
679,5123,5019,86.54
680,5122,5019,26.51
681,5121,5019,57.23
682,5120,5019,5.01
683,5013,5019,8.17
684,5014,5019,26.34
685,5015,5019,18.96
686,5016,5019,196.35
687,5017,5019,41.49
688,5018,5019,42.10
689,5019,5019,0.00
690,5020,5019,10.44
691,5306,5019,1.39
692,5305,5019,5.00
693,5304,5019,4.18
694,5303,5019,0.79
695,5302,5019,0.06
696,5301,5019,0.03
697,5012,5019,1.69
698,5011,5019,27.68
699,5010,5019,41.14
700,5009,5019,30.54
701,5008,5019,16.13
702,5007,5019,2.65
703,5006,5019,19.93
704,5005,5019,2.91
705,5004,5019,16.10
706,5003,5019,12.59
707,5002,5019,31.74
708,5001,5019,8.59
709,5119,5019,1.12
710,5118,5019,1.64
711,5117,5019,3.43
712,5116,5019,1.24
713,5115,5019,0.29
714,5114,5019,0.44
715,5113,5019,0.04
716,5112,5019,0.28
717,5111,5019,0.56
718,5110,5019,0.46
719,5109,5019,0.38
720,5108,5019,0.18
721,5107,5019,0.22
722,5106,5019,0.16
723,5105,5019,0.15
724,5104,5019,0.74
725,5103,5019,0.63
726,5102,5019,0.46
727,5101,5019,13.86
728,5126,5020,61.94
729,5125,5020,38.59
730,5124,5020,37.21
731,5123,5020,81.15
732,5122,5020,25.82
733,5121,5020,51.04
734,5120,5020,5.79
735,5013,5020,4.82
736,5014,5020,29.82
737,5015,5020,18.45
738,5016,5020,183.50
739,5017,5020,38.64
740,5018,5020,55.96
741,5019,5020,17.39
742,5020,5020,0.00
743,5306,5020,1.42
744,5305,5020,2.71
745,5304,5020,1.99
746,5303,5020,0.22
747,5302,5020,0.01
748,5301,5020,0.00
749,5012,5020,1.68
750,5011,5020,23.38
751,5010,5020,41.44
752,5009,5020,26.79
753,5008,5020,13.77
754,5007,5020,1.39
755,5006,5020,19.12
756,5005,5020,3.32
757,5004,5020,13.25
758,5003,5020,11.63
759,5002,5020,26.09
760,5001,5020,6.81
761,5119,5020,1.08
762,5118,5020,0.88
763,5117,5020,2.59
764,5116,5020,0.53
765,5115,5020,0.68
766,5114,5020,0.60
767,5113,5020,0.01
768,5112,5020,0.37
769,5111,5020,0.37
770,5110,5020,0.28
771,5109,5020,0.69
772,5108,5020,0.08
773,5107,5020,0.10
774,5106,5020,0.04
775,5105,5020,0.02
776,5104,5020,0.19
777,5103,5020,0.28
778,5102,5020,0.89
779,5101,5020,10.45
780,5126,5306,60.22
781,5125,5306,43.12
782,5124,5306,66.83
783,5123,5306,178.72
784,5122,5306,37.62
785,5121,5306,100.06
786,5120,5306,54.99
787,5013,5306,49.57
788,5014,5306,0.00
789,5015,5306,0.11
790,5016,5306,0.00
791,5017,5306,1.37
792,5018,5306,2.59
793,5019,5306,0.64
794,5020,5306,0.38
795,5306,5306,0.00
796,5305,5306,7.68
797,5304,5306,10.99
798,5303,5306,18.48
799,5302,5306,10.60
800,5301,5306,9.79
801,5012,5306,0.12
802,5011,5306,3.59
803,5010,5306,6.25
804,5009,5306,2.85
805,5008,5306,2.04
806,5007,5306,0.24
807,5006,5306,2.98
808,5005,5306,0.61
809,5004,5306,1.77
810,5003,5306,1.67
811,5002,5306,4.14
812,5001,5306,0.66
813,5119,5306,4.70
814,5118,5306,2.00
815,5117,5306,2.60
816,5116,5306,0.61
817,5115,5306,0.81
818,5114,5306,0.53
819,5113,5306,0.03
820,5112,5306,0.46
821,5111,5306,0.29
822,5110,5306,0.29
823,5109,5306,0.07
824,5108,5306,0.14
825,5107,5306,0.18
826,5106,5306,0.14
827,5105,5306,0.10
828,5104,5306,0.27
829,5103,5306,0.23
830,5102,5306,0.20
831,5101,5306,10.50
832,5126,5305,68.90
833,5125,5305,36.38
834,5124,5305,26.29
835,5123,5305,79.07
836,5122,5305,18.66
837,5121,5305,47.16
838,5120,5305,10.54
839,5013,5305,5.13
840,5014,5305,0.49
841,5015,5305,3.90
842,5016,5305,2.12
843,5017,5305,3.59
844,5018,5305,13.19
845,5019,5305,4.32
846,5020,5305,2.01
847,5306,5305,5.89
848,5305,5305,0.00
849,5304,5305,28.81
850,5303,5305,26.82
851,5302,5305,13.77
852,5301,5305,20.84
853,5012,5305,0.15
854,5011,5305,11.43
855,5010,5305,24.60
856,5009,5305,15.30
857,5008,5305,12.52
858,5007,5305,1.80
859,5006,5305,12.95
860,5005,5305,2.12
861,5004,5305,10.33
862,5003,5305,7.66
863,5002,5305,21.00
864,5001,5305,5.71
865,5119,5305,12.73
866,5118,5305,3.42
867,5117,5305,3.91
868,5116,5305,1.50
869,5115,5305,1.18
870,5114,5305,0.70
871,5113,5305,0.25
872,5112,5305,0.89
873,5111,5305,0.55
874,5110,5305,0.16
875,5109,5305,0.18
876,5108,5305,0.09
877,5107,5305,0.11
878,5106,5305,0.09
879,5105,5305,0.09
880,5104,5305,0.49
881,5103,5305,0.31
882,5102,5305,0.91
883,5101,5305,15.77
884,5126,5304,9.29
885,5125,5304,4.78
886,5124,5304,4.89
887,5123,5304,8.91
888,5122,5304,3.29
889,5121,5304,8.53
890,5120,5304,1.35
891,5013,5304,1.14
892,5014,5304,0.15
893,5015,5304,1.01
894,5016,5304,0.48
895,5017,5304,0.69
896,5018,5304,0.44
897,5019,5304,0.12
898,5020,5304,0.12
899,5306,5304,1.27
900,5305,5304,2.17
901,5304,5304,0.00
902,5303,5304,1.50
903,5302,5304,1.71
904,5301,5304,2.76
905,5012,5304,0.01
906,5011,5304,1.05
907,5010,5304,2.47
908,5009,5304,2.36
909,5008,5304,1.25
910,5007,5304,0.20
911,5006,5304,1.85
912,5005,5304,0.33
913,5004,5304,1.49
914,5003,5304,0.98
915,5002,5304,2.17
916,5001,5304,0.24
917,5119,5304,1.17
918,5118,5304,0.30
919,5117,5304,0.40
920,5116,5304,0.14
921,5115,5304,0.04
922,5114,5304,0.02
923,5113,5304,0.00
924,5112,5304,0.03
925,5111,5304,0.02
926,5110,5304,0.05
927,5109,5304,0.01
928,5108,5304,0.00
929,5107,5304,0.01
930,5106,5304,0.03
931,5105,5304,0.03
932,5104,5304,0.09
933,5103,5304,0.09
934,5102,5304,0.14
935,5101,5304,1.62
936,5126,5303,143.01
937,5125,5303,75.10
938,5124,5303,60.21
939,5123,5303,128.58
940,5122,5303,43.26
941,5121,5303,89.25
942,5120,5303,13.19
943,5013,5303,10.89
944,5014,5303,0.52
945,5015,5303,5.10
946,5016,5303,0.85
947,5017,5303,3.28
948,5018,5303,0.39
949,5019,5303,2.44
950,5020,5303,0.24
951,5306,5303,13.14
952,5305,5303,32.22
953,5304,5303,28.60
954,5303,5303,0.00
955,5302,5303,11.18
956,5301,5303,15.31
957,5012,5303,0.18
958,5011,5303,20.52
959,5010,5303,33.13
960,5009,5303,18.09
961,5008,5303,18.09
962,5007,5303,2.69
963,5006,5303,20.78
964,5005,5303,4.40
965,5004,5303,17.41
966,5003,5303,10.73
967,5002,5303,32.60
968,5001,5303,6.68
969,5119,5303,8.90
970,5118,5303,3.27
971,5117,5303,5.88
972,5116,5303,1.81
973,5115,5303,2.41
974,5114,5303,0.60
975,5113,5303,0.09
976,5112,5303,0.54
977,5111,5303,0.65
978,5110,5303,0.58
979,5109,5303,0.78
980,5108,5303,0.19
981,5107,5303,0.23
982,5106,5303,0.11
983,5105,5303,0.09
984,5104,5303,0.65
985,5103,5303,0.66
986,5102,5303,1.12
987,5101,5303,23.72
988,5126,5302,68.22
989,5125,5302,35.43
990,5124,5302,26.39
991,5123,5302,59.58
992,5122,5302,23.93
993,5121,5302,51.88
994,5120,5302,8.59
995,5013,5302,4.55
996,5014,5302,0.58
997,5015,5302,11.33
998,5016,5302,4.26
999,5017,5302,1.00
1000,5018,5302,0.00
1001,5019,5302,0.00
1002,5020,5302,0.00
1003,5306,5302,10.50
1004,5305,5302,19.26
1005,5304,5302,19.72
1006,5303,5302,11.32
1007,5302,5302,0.00
1008,5301,5302,4.42
1009,5012,5302,0.12
1010,5011,5302,10.87
1011,5010,5302,15.81
1012,5009,5302,11.45
1013,5008,5302,7.62
1014,5007,5302,0.93
1015,5006,5302,11.17
1016,5005,5302,2.18
1017,5004,5302,8.85
1018,5003,5302,6.30
1019,5002,5302,16.57
1020,5001,5302,5.53
1021,5119,5302,5.96
1022,5118,5302,1.83
1023,5117,5302,3.72
1024,5116,5302,1.34
1025,5115,5302,0.38
1026,5114,5302,0.65
1027,5113,5302,0.17
1028,5112,5302,0.34
1029,5111,5302,0.47
1030,5110,5302,0.14
1031,5109,5302,0.19
1032,5108,5302,0.05
1033,5107,5302,0.06
1034,5106,5302,0.04
1035,5105,5302,0.07
1036,5104,5302,0.59
1037,5103,5302,0.39
1038,5102,5302,1.10
1039,5101,5302,15.01
1040,5126,5301,56.51
1041,5125,5301,28.69
1042,5124,5301,28.06
1043,5123,5301,53.01
1044,5122,5301,14.45
1045,5121,5301,37.63
1046,5120,5301,9.49
1047,5013,5301,2.92
1048,5014,5301,0.59
1049,5015,5301,3.47
1050,5016,5301,1.89
1051,5017,5301,0.47
1052,5018,5301,0.22
1053,5019,5301,0.01
1054,5020,5301,0.00
1055,5306,5301,5.58
1056,5305,5301,13.77
1057,5304,5301,16.06
1058,5303,5301,9.67
1059,5302,5301,11.35
1060,5301,5301,0.00
1061,5012,5301,0.09
1062,5011,5301,8.64
1063,5010,5301,18.30
1064,5009,5301,7.42
1065,5008,5301,8.93
1066,5007,5301,0.93
1067,5006,5301,7.97
1068,5005,5301,1.20
1069,5004,5301,5.00
1070,5003,5301,5.22
1071,5002,5301,12.85
1072,5001,5301,2.81
1073,5119,5301,4.22
1074,5118,5301,1.17
1075,5117,5301,2.26
1076,5116,5301,0.63
1077,5115,5301,1.61
1078,5114,5301,0.49
1079,5113,5301,0.06
1080,5112,5301,0.29
1081,5111,5301,0.25
1082,5110,5301,0.12
1083,5109,5301,0.17
1084,5108,5301,0.06
1085,5107,5301,0.08
1086,5106,5301,0.07
1087,5105,5301,0.08
1088,5104,5301,0.52
1089,5103,5301,0.08
1090,5102,5301,0.26
1091,5101,5301,9.11
1092,5126,5012,14.84
1093,5125,5012,6.78
1094,5124,5012,5.36
1095,5123,5012,11.40
1096,5122,5012,2.59
1097,5121,5012,9.33
1098,5120,5012,2.02
1099,5013,5012,0.55
1100,5014,5012,2.52
1101,5015,5012,1.08
1102,5016,5012,6.87
1103,5017,5012,2.65
1104,5018,5012,3.46
1105,5019,5012,0.37
1106,5020,5012,0.56
1107,5306,5012,0.00
1108,5305,5012,0.00
1109,5304,5012,0.00
1110,5303,5012,0.00
1111,5302,5012,0.00
1112,5301,5012,0.00
1113,5012,5012,0.00
1114,5011,5012,6.24
1115,5010,5012,10.37
1116,5009,5012,5.14
1117,5008,5012,7.11
1118,5007,5012,0.95
1119,5006,5012,8.99
1120,5005,5012,1.22
1121,5004,5012,4.14
1122,5003,5012,2.73
1123,5002,5012,6.41
1124,5001,5012,1.89
1125,5119,5012,3.51
1126,5118,5012,0.63
1127,5117,5012,0.63
1128,5116,5012,0.42
1129,5115,5012,0.22
1130,5114,5012,0.10
1131,5113,5012,0.03
1132,5112,5012,0.20
1133,5111,5012,0.21
1134,5110,5012,0.18
1135,5109,5012,0.15
1136,5108,5012,0.08
1137,5107,5012,0.10
1138,5106,5012,0.12
1139,5105,5012,0.07
1140,5104,5012,0.24
1141,5103,5012,0.04
1142,5102,5012,0.08
1143,5101,5012,2.54
1144,5126,5011,47.14
1145,5125,5011,27.64
1146,5124,5011,12.04
1147,5123,5011,25.00
1148,5122,5011,10.86
1149,5121,5011,13.11
1150,5120,5011,8.89
1151,5013,5011,6.59
1152,5014,5011,9.37
1153,5015,5011,12.54
1154,5016,5011,94.94
1155,5017,5011,33.61
1156,5018,5011,60.55
1157,5019,5011,8.98
1158,5020,5011,8.25
1159,5306,5011,2.45
1160,5305,5011,3.27
1161,5304,5011,2.61
1162,5303,5011,5.02
1163,5302,5011,3.08
1164,5301,5011,1.42
1165,5012,5011,10.88
1166,5011,5011,0.00
1167,5010,5011,72.61
1168,5009,5011,27.76
1169,5008,5011,79.39
1170,5007,5011,7.42
1171,5006,5011,52.66
1172,5005,5011,16.62
1173,5004,5011,39.29
1174,5003,5011,21.02
1175,5002,5011,64.03
1176,5001,5011,27.48
1177,5119,5011,36.09
1178,5118,5011,7.03
1179,5117,5011,5.28
1180,5116,5011,4.54
1181,5115,5011,4.67
1182,5114,5011,3.67
1183,5113,5011,0.54
1184,5112,5011,4.81
1185,5111,5011,7.30
1186,5110,5011,11.62
1187,5109,5011,8.10
1188,5108,5011,1.55
1189,5107,5011,1.97
1190,5106,5011,2.13
1191,5105,5011,1.92
1192,5104,5011,6.63
1193,5103,5011,3.70
1194,5102,5011,5.74
1195,5101,5011,21.30
1196,5126,5010,21.52
1197,5125,5010,19.24
1198,5124,5010,17.95
1199,5123,5010,59.44
1200,5122,5010,21.63
1201,5121,5010,46.29
1202,5120,5010,32.90
1203,5013,5010,14.24
1204,5014,5010,10.65
1205,5015,5010,14.25
1206,5016,5010,102.61
1207,5017,5010,44.79
1208,5018,5010,87.30
1209,5019,5010,9.33
1210,5020,5010,9.72
1211,5306,5010,4.08
1212,5305,5010,3.77
1213,5304,5010,4.97
1214,5303,5010,9.55
1215,5302,5010,7.63
1216,5301,5010,7.16
1217,5012,5010,53.45
1218,5011,5010,74.57
1219,5010,5010,0.00
1220,5009,5010,12.69
1221,5008,5010,213.81
1222,5007,5010,18.86
1223,5006,5010,74.21
1224,5005,5010,16.21
1225,5004,5010,44.97
1226,5003,5010,23.21
1227,5002,5010,46.72
1228,5001,5010,11.28
1229,5119,5010,5.26
1230,5118,5010,0.59
1231,5117,5010,2.38
1232,5116,5010,1.69
1233,5115,5010,1.69
1234,5114,5010,0.33
1235,5113,5010,0.03
1236,5112,5010,0.99
1237,5111,5010,0.17
1238,5110,5010,6.63
1239,5109,5010,12.02
1240,5108,5010,2.65
1241,5107,5010,3.33
1242,5106,5010,2.07
1243,5105,5010,1.48
1244,5104,5010,7.10
1245,5103,5010,5.36
1246,5102,5010,9.73
1247,5101,5010,9.61
1248,5126,5009,0.16
1249,5125,5009,0.13
1250,5124,5009,0.23
1251,5123,5009,0.71
1252,5122,5009,0.78
1253,5121,5009,1.48
1254,5120,5009,0.46
1255,5013,5009,8.25
1256,5014,5009,8.26
1257,5015,5009,10.13
1258,5016,5009,60.28
1259,5017,5009,23.49
1260,5018,5009,42.81
1261,5019,5009,5.56
1262,5020,5009,5.90
1263,5306,5009,3.08
1264,5305,5009,5.78
1265,5304,5009,4.34
1266,5303,5009,4.76
1267,5302,5009,3.65
1268,5301,5009,2.43
1269,5012,5009,8.87
1270,5011,5009,30.35
1271,5010,5009,5.01
1272,5009,5009,0.00
1273,5008,5009,109.25
1274,5007,5009,7.82
1275,5006,5009,69.27
1276,5005,5009,19.51
1277,5004,5009,54.71
1278,5003,5009,34.02
1279,5002,5009,136.01
1280,5001,5009,35.39
1281,5119,5009,0.00
1282,5118,5009,0.00
1283,5117,5009,0.00
1284,5116,5009,0.00
1285,5115,5009,0.00
1286,5114,5009,0.00
1287,5113,5009,0.00
1288,5112,5009,0.00
1289,5111,5009,0.00
1290,5110,5009,0.00
1291,5109,5009,0.00
1292,5108,5009,0.00
1293,5107,5009,0.00
1294,5106,5009,0.00
1295,5105,5009,0.00
1296,5104,5009,0.00
1297,5103,5009,0.00
1298,5102,5009,0.00
1299,5101,5009,0.00
1300,5126,5008,2.95
1301,5125,5008,5.01
1302,5124,5008,3.84
1303,5123,5008,10.02
1304,5122,5008,10.93
1305,5121,5008,19.06
1306,5120,5008,3.75
1307,5013,5008,6.60
1308,5014,5008,8.26
1309,5015,5008,10.46
1310,5016,5008,86.26
1311,5017,5008,30.71
1312,5018,5008,39.18
1313,5019,5008,5.50
1314,5020,5008,5.07
1315,5306,5008,1.97
1316,5305,5008,4.10
1317,5304,5008,6.21
1318,5303,5008,3.06
1319,5302,5008,2.33
1320,5301,5008,1.51
1321,5012,5008,8.01
1322,5011,5008,47.16
1323,5010,5008,68.08
1324,5009,5008,55.25
1325,5008,5008,0.00
1326,5007,5008,0.48
1327,5006,5008,22.14
1328,5005,5008,5.54
1329,5004,5008,11.42
1330,5003,5008,12.56
1331,5002,5008,44.31
1332,5001,5008,10.34
1333,5119,5008,0.04
1334,5118,5008,1.00
1335,5117,5008,2.48
1336,5116,5008,0.77
1337,5115,5008,0.73
1338,5114,5008,0.80
1339,5113,5008,0.43
1340,5112,5008,1.27
1341,5111,5008,0.77
1342,5110,5008,1.17
1343,5109,5008,0.96
1344,5108,5008,0.29
1345,5107,5008,0.36
1346,5106,5008,0.18
1347,5105,5008,0.08
1348,5104,5008,0.47
1349,5103,5008,0.21
1350,5102,5008,0.60
1351,5101,5008,10.02
1352,5126,5007,0.17
1353,5125,5007,0.11
1354,5124,5007,0.34
1355,5123,5007,1.42
1356,5122,5007,4.93
1357,5121,5007,14.18
1358,5120,5007,3.49
1359,5013,5007,14.77
1360,5014,5007,12.49
1361,5015,5007,15.60
1362,5016,5007,152.33
1363,5017,5007,56.17
1364,5018,5007,58.32
1365,5019,5007,6.99
1366,5020,5007,7.11
1367,5306,5007,3.90
1368,5305,5007,4.88
1369,5304,5007,7.32
1370,5303,5007,4.00
1371,5302,5007,3.30
1372,5301,5007,2.18
1373,5012,5007,14.46
1374,5011,5007,59.11
1375,5010,5007,64.37
1376,5009,5007,66.71
1377,5008,5007,21.92
1378,5007,5007,0.00
1379,5006,5007,13.02
1380,5005,5007,15.58
1381,5004,5007,52.98
1382,5003,5007,41.20
1383,5002,5007,153.26
1384,5001,5007,42.24
1385,5119,5007,0.04
1386,5118,5007,1.03
1387,5117,5007,3.11
1388,5116,5007,1.20
1389,5115,5007,1.47
1390,5114,5007,0.56
1391,5113,5007,0.16
1392,5112,5007,1.22
1393,5111,5007,1.03
1394,5110,5007,2.16
1395,5109,5007,1.43
1396,5108,5007,0.28
1397,5107,5007,0.35
1398,5106,5007,0.21
1399,5105,5007,0.11
1400,5104,5007,0.84
1401,5103,5007,0.27
1402,5102,5007,0.83
1403,5101,5007,12.54
1404,5126,5006,34.78
1405,5125,5006,21.67
1406,5124,5006,20.89
1407,5123,5006,45.57
1408,5122,5006,14.50
1409,5121,5006,28.66
1410,5120,5006,3.25
1411,5013,5006,2.71
1412,5014,5006,16.75
1413,5015,5006,10.36
1414,5016,5006,103.04
1415,5017,5006,21.70
1416,5018,5006,31.42
1417,5019,5006,9.76
1418,5020,5006,0.00
1419,5306,5006,0.80
1420,5305,5006,1.52
1421,5304,5006,1.12
1422,5303,5006,0.13
1423,5302,5006,0.00
1424,5301,5006,0.00
1425,5012,5006,0.94
1426,5011,5006,13.13
1427,5010,5006,23.27
1428,5009,5006,15.04
1429,5008,5006,7.73
1430,5007,5006,0.78
1431,5006,5006,0.00
1432,5005,5006,1.86
1433,5004,5006,7.44
1434,5003,5006,6.53
1435,5002,5006,14.65
1436,5001,5006,3.83
1437,5119,5006,0.61
1438,5118,5006,0.50
1439,5117,5006,1.45
1440,5116,5006,0.30
1441,5115,5006,0.38
1442,5114,5006,0.34
1443,5113,5006,0.00
1444,5112,5006,0.21
1445,5111,5006,0.21
1446,5110,5006,0.16
1447,5109,5006,0.39
1448,5108,5006,0.04
1449,5107,5006,0.05
1450,5106,5006,0.02
1451,5105,5006,0.01
1452,5104,5006,0.11
1453,5103,5006,0.15
1454,5102,5006,0.50
1455,5101,5006,5.87
1456,5126,5005,0.22
1457,5125,5005,0.18
1458,5124,5005,0.72
1459,5123,5005,4.73
1460,5122,5005,6.50
1461,5121,5005,12.44
1462,5120,5005,2.10
1463,5013,5005,8.74
1464,5014,5005,7.85
1465,5015,5005,10.53
1466,5016,5005,107.24
1467,5017,5005,36.39
1468,5018,5005,45.43
1469,5019,5005,4.43
1470,5020,5005,4.12
1471,5306,5005,2.32
1472,5305,5005,3.73
1473,5304,5005,4.31
1474,5303,5005,2.47
1475,5302,5005,1.41
1476,5301,5005,0.72
1477,5012,5005,8.28
1478,5011,5005,41.14
1479,5010,5005,54.02
1480,5009,5005,56.44
1481,5008,5005,27.96
1482,5007,5005,4.75
1483,5006,5005,34.83
1484,5005,5005,0.00
1485,5004,5005,34.21
1486,5003,5005,40.17
1487,5002,5005,109.99
1488,5001,5005,39.53
1489,5119,5005,0.04
1490,5118,5005,0.68
1491,5117,5005,2.14
1492,5116,5005,1.02
1493,5115,5005,1.21
1494,5114,5005,0.75
1495,5113,5005,0.32
1496,5112,5005,1.09
1497,5111,5005,0.87
1498,5110,5005,1.40
1499,5109,5005,0.68
1500,5108,5005,0.21
1501,5107,5005,0.26
1502,5106,5005,0.20
1503,5105,5005,0.09
1504,5104,5005,0.27
1505,5103,5005,0.16
1506,5102,5005,0.39
1507,5101,5005,8.65
1508,5126,5004,0.04
1509,5125,5004,0.03
1510,5124,5004,0.25
1511,5123,5004,2.62
1512,5122,5004,5.04
1513,5121,5004,8.24
1514,5120,5004,1.71
1515,5013,5004,8.63
1516,5014,5004,9.12
1517,5015,5004,10.30
1518,5016,5004,95.21
1519,5017,5004,28.22
1520,5018,5004,46.05
1521,5019,5004,5.00
1522,5020,5004,4.46
1523,5306,5004,3.42
1524,5305,5004,6.55
1525,5304,5004,6.75
1526,5303,5004,6.68
1527,5302,5004,4.10
1528,5301,5004,2.46
1529,5012,5004,7.96
1530,5011,5004,49.60
1531,5010,5004,52.29
1532,5009,5004,61.75
1533,5008,5004,26.93
1534,5007,5004,9.04
1535,5006,5004,49.29
1536,5005,5004,15.08
1537,5004,5004,0.00
1538,5003,5004,6.04
1539,5002,5004,63.81
1540,5001,5004,29.86
1541,5119,5004,0.06
1542,5118,5004,1.09
1543,5117,5004,3.11
1544,5116,5004,1.38
1545,5115,5004,0.54
1546,5114,5004,0.54
1547,5113,5004,0.18
1548,5112,5004,1.07
1549,5111,5004,1.23
1550,5110,5004,1.59
1551,5109,5004,1.58
1552,5108,5004,0.46
1553,5107,5004,0.58
1554,5106,5004,0.47
1555,5105,5004,0.30
1556,5104,5004,0.96
1557,5103,5004,0.61
1558,5102,5004,1.29
1559,5101,5004,12.54
1560,5126,5003,0.08
1561,5125,5003,0.00
1562,5124,5003,0.00
1563,5123,5003,0.19
1564,5122,5003,4.44
1565,5121,5003,9.37
1566,5120,5003,2.38
1567,5013,5003,10.33
1568,5014,5003,9.71
1569,5015,5003,9.90
1570,5016,5003,107.39
1571,5017,5003,34.10
1572,5018,5003,51.92
1573,5019,5003,5.04
1574,5020,5003,4.65
1575,5306,5003,3.86
1576,5305,5003,4.91
1577,5304,5003,8.53
1578,5303,5003,5.50
1579,5302,5003,3.33
1580,5301,5003,3.30
1581,5012,5003,13.62
1582,5011,5003,56.44
1583,5010,5003,68.93
1584,5009,5003,88.86
1585,5008,5003,44.31
1586,5007,5003,16.91
1587,5006,5003,88.33
1588,5005,5003,43.98
1589,5004,5003,22.17
1590,5003,5003,0.00
1591,5002,5003,125.59
1592,5001,5003,96.37
1593,5119,5003,0.07
1594,5118,5003,1.36
1595,5117,5003,3.62
1596,5116,5003,2.15
1597,5115,5003,2.53
1598,5114,5003,0.46
1599,5113,5003,0.26
1600,5112,5003,1.83
1601,5111,5003,1.68
1602,5110,5003,2.13
1603,5109,5003,1.18
1604,5108,5003,0.50
1605,5107,5003,0.63
1606,5106,5003,0.59
1607,5105,5003,0.37
1608,5104,5003,0.85
1609,5103,5003,0.48
1610,5102,5003,1.64
1611,5101,5003,14.62
1612,5126,5002,0.90
1613,5125,5002,0.17
1614,5124,5002,0.75
1615,5123,5002,2.58
1616,5122,5002,2.05
1617,5121,5002,2.17
1618,5120,5002,1.39
1619,5013,5002,9.17
1620,5014,5002,6.82
1621,5015,5002,7.49
1622,5016,5002,60.44
1623,5017,5002,21.81
1624,5018,5002,38.06
1625,5019,5002,3.08
1626,5020,5002,4.01
1627,5306,5002,2.91
1628,5305,5002,2.46
1629,5304,5002,2.68
1630,5303,5002,5.01
1631,5302,5002,2.23
1632,5301,5002,1.13
1633,5012,5002,15.51
1634,5011,5002,211.87
1635,5010,5002,512.57
1636,5009,5002,528.84
1637,5008,5002,247.74
1638,5007,5002,84.40
1639,5006,5002,123.18
1640,5005,5002,51.46
1641,5004,5002,167.10
1642,5003,5002,115.00
1643,5002,5002,0.00
1644,5001,5002,195.56
1645,5119,5002,0.33
1646,5118,5002,4.50
1647,5117,5002,9.59
1648,5116,5002,3.89
1649,5115,5002,7.49
1650,5114,5002,2.20
1651,5113,5002,0.50
1652,5112,5002,2.97
1653,5111,5002,3.06
1654,5110,5002,6.13
1655,5109,5002,1.17
1656,5108,5002,0.77
1657,5107,5002,0.97
1658,5106,5002,0.83
1659,5105,5002,0.39
1660,5104,5002,0.59
1661,5103,5002,0.54
1662,5102,5002,1.28
1663,5101,5002,38.72
1664,5126,5001,0.00
1665,5125,5001,0.01
1666,5124,5001,0.04
1667,5123,5001,0.60
1668,5122,5001,0.21
1669,5121,5001,0.42
1670,5120,5001,0.07
1671,5013,5001,0.56
1672,5014,5001,0.91
1673,5015,5001,0.85
1674,5016,5001,10.02
1675,5017,5001,3.10
1676,5018,5001,4.19
1677,5019,5001,1.72
1678,5020,5001,1.21
1679,5306,5001,0.05
1680,5305,5001,0.27
1681,5304,5001,0.10
1682,5303,5001,0.38
1683,5302,5001,0.72
1684,5301,5001,0.21
1685,5012,5001,1.26
1686,5011,5001,17.31
1687,5010,5001,26.68
1688,5009,5001,31.86
1689,5008,5001,18.74
1690,5007,5001,7.21
1691,5006,5001,21.87
1692,5005,5001,9.75
1693,5004,5001,14.78
1694,5003,5001,13.80
1695,5002,5001,7.74
1696,5001,5001,0.00
1697,5119,5001,0.02
1698,5118,5001,0.45
1699,5117,5001,0.68
1700,5116,5001,0.22
1701,5115,5001,0.29
1702,5114,5001,0.12
1703,5113,5001,0.07
1704,5112,5001,0.32
1705,5111,5001,0.38
1706,5110,5001,0.58
1707,5109,5001,0.19
1708,5108,5001,0.08
1709,5107,5001,0.11
1710,5106,5001,0.13
1711,5105,5001,0.08
1712,5104,5001,0.12
1713,5103,5001,0.06
1714,5102,5001,0.19
1715,5101,5001,2.75
1716,5126,5119,20.17
1717,5125,5119,15.54
1718,5124,5119,7.93
1719,5123,5119,20.83
1720,5122,5119,10.97
1721,5121,5119,23.90
1722,5120,5119,5.64
1723,5013,5119,0.37
1724,5014,5119,0.42
1725,5015,5119,1.99
1726,5016,5119,5.94
1727,5017,5119,1.52
1728,5018,5119,3.96
1729,5019,5119,0.54
1730,5020,5119,0.69
1731,5306,5119,1.00
1732,5305,5119,1.55
1733,5304,5119,0.81
1734,5303,5119,1.83
1735,5302,5119,0.59
1736,5301,5119,1.18
1737,5012,5119,2.49
1738,5011,5119,11.41
1739,5010,5119,4.12
1740,5009,5119,0.00
1741,5008,5119,0.02
1742,5007,5119,0.00
1743,5006,5119,0.02
1744,5005,5119,0.00
1745,5004,5119,0.01
1746,5003,5119,0.01
1747,5002,5119,0.02
1748,5001,5119,0.01
1749,5119,5119,0.00
1750,5118,5119,3.22
1751,5117,5119,8.11
1752,5116,5119,4.64
1753,5115,5119,2.67
1754,5114,5119,1.22
1755,5113,5119,0.15
1756,5112,5119,2.07
1757,5111,5119,0.75
1758,5110,5119,9.33
1759,5109,5119,8.69
1760,5108,5119,1.90
1761,5107,5119,2.38
1762,5106,5119,1.46
1763,5105,5119,0.89
1764,5104,5119,4.13
1765,5103,5119,2.70
1766,5102,5119,4.66
1767,5101,5119,32.73
1768,5126,5118,9.92
1769,5125,5118,10.84
1770,5124,5118,8.44
1771,5123,5118,10.80
1772,5122,5118,3.87
1773,5121,5118,10.34
1774,5120,5118,1.62
1775,5013,5118,0.60
1776,5014,5118,0.24
1777,5015,5118,0.54
1778,5016,5118,6.47
1779,5017,5118,2.57
1780,5018,5118,2.29
1781,5019,5118,0.37
1782,5020,5118,0.28
1783,5306,5118,1.02
1784,5305,5118,0.55
1785,5304,5118,0.28
1786,5303,5118,0.59
1787,5302,5118,0.44
1788,5301,5118,0.36
1789,5012,5118,1.22
1790,5011,5118,4.84
1791,5010,5118,0.94
1792,5009,5118,0.03
1793,5008,5118,3.20
1794,5007,5118,0.22
1795,5006,5118,1.89
1796,5005,5118,0.23
1797,5004,5118,1.02
1798,5003,5118,0.80
1799,5002,5118,1.73
1800,5001,5118,0.94
1801,5119,5118,2.76
1802,5118,5118,0.00
1803,5117,5118,3.03
1804,5116,5118,0.82
1805,5115,5118,0.59
1806,5114,5118,0.30
1807,5113,5118,0.14
1808,5112,5118,0.93
1809,5111,5118,0.48
1810,5110,5118,2.79
1811,5109,5118,2.31
1812,5108,5118,0.62
1813,5107,5118,0.77
1814,5106,5118,0.30
1815,5105,5118,0.13
1816,5104,5118,0.57
1817,5103,5118,0.35
1818,5102,5118,1.04
1819,5101,5118,12.24
1820,5126,5117,32.84
1821,5125,5117,28.74
1822,5124,5117,17.74
1823,5123,5117,25.91
1824,5122,5117,7.57
1825,5121,5117,20.30
1826,5120,5117,3.19
1827,5013,5117,0.74
1828,5014,5117,0.73
1829,5015,5117,1.23
1830,5016,5117,13.40
1831,5017,5117,6.52
1832,5018,5117,8.09
1833,5019,5117,0.59
1834,5020,5117,0.65
1835,5306,5117,2.82
1836,5305,5117,1.77
1837,5304,5117,1.63
1838,5303,5117,2.18
1839,5302,5117,1.03
1840,5301,5117,0.83
1841,5012,5117,2.36
1842,5011,5117,6.79
1843,5010,5117,5.91
1844,5009,5117,0.57
1845,5008,5117,7.54
1846,5007,5117,0.64
1847,5006,5117,7.07
1848,5005,5117,1.02
1849,5004,5117,4.53
1850,5003,5117,3.24
1851,5002,5117,11.07
1852,5001,5117,2.31
1853,5119,5117,27.15
1854,5118,5117,12.65
1855,5117,5117,0.00
1856,5116,5117,4.07
1857,5115,5117,2.01
1858,5114,5117,1.19
1859,5113,5117,0.33
1860,5112,5117,2.76
1861,5111,5117,2.87
1862,5110,5117,11.03
1863,5109,5117,18.17
1864,5108,5117,2.71
1865,5107,5117,3.41
1866,5106,5117,2.14
1867,5105,5117,1.32
1868,5104,5117,5.84
1869,5103,5117,4.39
1870,5102,5117,7.70
1871,5101,5117,0.23
1872,5126,5116,17.44
1873,5125,5116,12.89
1874,5124,5116,8.08
1875,5123,5116,23.49
1876,5122,5116,5.59
1877,5121,5116,20.84
1878,5120,5116,2.27
1879,5013,5116,0.60
1880,5014,5116,0.18
1881,5015,5116,0.39
1882,5016,5116,4.73
1883,5017,5116,1.81
1884,5018,5116,9.09
1885,5019,5116,0.28
1886,5020,5116,0.24
1887,5306,5116,0.82
1888,5305,5116,0.74
1889,5304,5116,0.94
1890,5303,5116,1.16
1891,5302,5116,0.32
1892,5301,5116,0.20
1893,5012,5116,1.19
1894,5011,5116,7.00
1895,5010,5116,8.05
1896,5009,5116,0.04
1897,5008,5116,3.02
1898,5007,5116,0.13
1899,5006,5116,2.42
1900,5005,5116,0.45
1901,5004,5116,1.73
1902,5003,5116,1.21
1903,5002,5116,6.24
1904,5001,5116,0.84
1905,5119,5116,17.66
1906,5118,5116,7.65
1907,5117,5116,3.40
1908,5116,5116,0.00
1909,5115,5116,0.36
1910,5114,5116,0.26
1911,5113,5116,0.07
1912,5112,5116,0.85
1913,5111,5116,0.51
1914,5110,5116,3.96
1915,5109,5116,2.16
1916,5108,5116,0.29
1917,5107,5116,0.37
1918,5106,5116,0.22
1919,5105,5116,0.15
1920,5104,5116,1.03
1921,5103,5116,0.36
1922,5102,5116,0.87
1923,5101,5116,13.74
1924,5126,5115,10.75
1925,5125,5115,8.71
1926,5124,5115,9.86
1927,5123,5115,17.14
1928,5122,5115,4.92
1929,5121,5115,15.33
1930,5120,5115,1.56
1931,5013,5115,0.50
1932,5014,5115,0.44
1933,5015,5115,0.29
1934,5016,5115,4.25
1935,5017,5115,1.62
1936,5018,5115,2.22
1937,5019,5115,0.25
1938,5020,5115,0.49
1939,5306,5115,1.69
1940,5305,5115,0.96
1941,5304,5115,1.64
1942,5303,5115,0.43
1943,5302,5115,0.63
1944,5301,5115,0.28
1945,5012,5115,0.53
1946,5011,5115,8.96
1947,5010,5115,2.25
1948,5009,5115,0.00
1949,5008,5115,1.65
1950,5007,5115,0.10
1951,5006,5115,2.35
1952,5005,5115,0.31
1953,5004,5115,2.15
1954,5003,5115,1.81
1955,5002,5115,4.01
1956,5001,5115,1.33
1957,5119,5115,4.34
1958,5118,5115,2.28
1959,5117,5115,0.79
1960,5116,5115,0.19
1961,5115,5115,0.00
1962,5114,5115,0.58
1963,5113,5115,0.16
1964,5112,5115,2.20
1965,5111,5115,1.57
1966,5110,5115,7.46
1967,5109,5115,3.57
1968,5108,5115,0.24
1969,5107,5115,0.30
1970,5106,5115,0.16
1971,5105,5115,0.14
1972,5104,5115,1.12
1973,5103,5115,0.32
1974,5102,5115,1.07
1975,5101,5115,3.20
1976,5126,5114,16.95
1977,5125,5114,11.37
1978,5124,5114,10.64
1979,5123,5114,21.51
1980,5122,5114,5.56
1981,5121,5114,18.91
1982,5120,5114,3.11
1983,5013,5114,1.15
1984,5014,5114,0.31
1985,5015,5114,0.72
1986,5016,5114,2.13
1987,5017,5114,1.30
1988,5018,5114,3.10
1989,5019,5114,0.38
1990,5020,5114,0.27
1991,5306,5114,0.89
1992,5305,5114,1.27
1993,5304,5114,0.89
1994,5303,5114,0.80
1995,5302,5114,0.83
1996,5301,5114,0.36
1997,5012,5114,1.32
1998,5011,5114,8.76
1999,5010,5114,2.22
2000,5009,5114,0.00
2001,5008,5114,3.45
2002,5007,5114,0.31
2003,5006,5114,3.53
2004,5005,5114,0.99
2005,5004,5114,2.06
2006,5003,5114,1.28
2007,5002,5114,9.48
2008,5001,5114,2.51
2009,5119,5114,3.46
2010,5118,5114,1.59
2011,5117,5114,1.23
2012,5116,5114,0.30
2013,5115,5114,0.75
2014,5114,5114,0.00
2015,5113,5114,0.39
2016,5112,5114,2.90
2017,5111,5114,0.88
2018,5110,5114,11.90
2019,5109,5114,8.50
2020,5108,5114,1.23
2021,5107,5114,1.54
2022,5106,5114,0.94
2023,5105,5114,0.49
2024,5104,5114,2.98
2025,5103,5114,1.20
2026,5102,5114,4.06
2027,5101,5114,4.96
2028,5126,5113,12.32
2029,5125,5113,7.67
2030,5124,5113,7.40
2031,5123,5113,16.14
2032,5122,5113,5.14
2033,5121,5113,10.15
2034,5120,5113,1.15
2035,5013,5113,0.96
2036,5014,5113,5.93
2037,5015,5113,3.67
2038,5016,5113,36.49
2039,5017,5113,7.68
2040,5018,5113,11.13
2041,5019,5113,3.46
2042,5020,5113,0.00
2043,5306,5113,0.28
2044,5305,5113,0.54
2045,5304,5113,0.40
2046,5303,5113,0.04
2047,5302,5113,0.00
2048,5301,5113,0.00
2049,5012,5113,0.33
2050,5011,5113,4.65
2051,5010,5113,8.24
2052,5009,5113,5.33
2053,5008,5113,2.74
2054,5007,5113,0.28
2055,5006,5113,3.80
2056,5005,5113,0.66
2057,5004,5113,2.63
2058,5003,5113,2.31
2059,5002,5113,5.19
2060,5001,5113,1.35
2061,5119,5113,0.21
2062,5118,5113,0.18
2063,5117,5113,0.51
2064,5116,5113,0.11
2065,5115,5113,0.13
2066,5114,5113,0.12
2067,5113,5113,0.00
2068,5112,5113,0.07
2069,5111,5113,0.07
2070,5110,5113,0.06
2071,5109,5113,0.14
2072,5108,5113,0.02
2073,5107,5113,0.02
2074,5106,5113,0.01
2075,5105,5113,0.00
2076,5104,5113,0.04
2077,5103,5113,0.05
2078,5102,5113,0.18
2079,5101,5113,2.08
2080,5126,5112,8.73
2081,5125,5112,9.01
2082,5124,5112,4.84
2083,5123,5112,10.33
2084,5122,5112,2.38
2085,5121,5112,6.52
2086,5120,5112,1.68
2087,5013,5112,0.30
2088,5014,5112,0.15
2089,5015,5112,0.12
2090,5016,5112,0.45
2091,5017,5112,0.24
2092,5018,5112,0.20
2093,5019,5112,0.45
2094,5020,5112,0.04
2095,5306,5112,0.83
2096,5305,5112,0.24
2097,5304,5112,0.93
2098,5303,5112,0.54
2099,5302,5112,0.13
2100,5301,5112,0.23
2101,5012,5112,1.04
2102,5011,5112,5.48
2103,5010,5112,8.45
2104,5009,5112,0.10
2105,5008,5112,1.17
2106,5007,5112,0.11
2107,5006,5112,1.99
2108,5005,5112,0.41
2109,5004,5112,1.69
2110,5003,5112,1.27
2111,5002,5112,5.19
2112,5001,5112,0.98
2113,5119,5112,13.08
2114,5118,5112,6.83
2115,5117,5112,2.05
2116,5116,5112,1.44
2117,5115,5112,3.66
2118,5114,5112,4.32
2119,5113,5112,0.21
2120,5112,5112,0.00
2121,5111,5112,1.40
2122,5110,5112,5.93
2123,5109,5112,2.61
2124,5108,5112,0.90
2125,5107,5112,1.13
2126,5106,5112,0.78
2127,5105,5112,0.41
2128,5104,5112,1.15
2129,5103,5112,0.85
2130,5102,5112,2.17
2131,5101,5112,8.29
2132,5126,5111,6.85
2133,5125,5111,7.36
2134,5124,5111,5.41
2135,5123,5111,10.56
2136,5122,5111,2.98
2137,5121,5111,8.46
2138,5120,5111,0.96
2139,5013,5111,0.26
2140,5014,5111,0.10
2141,5015,5111,0.11
2142,5016,5111,0.80
2143,5017,5111,0.14
2144,5018,5111,0.38
2145,5019,5111,0.30
2146,5020,5111,0.08
2147,5306,5111,0.57
2148,5305,5111,0.45
2149,5304,5111,0.30
2150,5303,5111,0.16
2151,5302,5111,0.34
2152,5301,5111,0.13
2153,5012,5111,0.73
2154,5011,5111,6.77
2155,5010,5111,1.75
2156,5009,5111,0.00
2157,5008,5111,1.02
2158,5007,5111,0.14
2159,5006,5111,1.30
2160,5005,5111,0.22
2161,5004,5111,1.13
2162,5003,5111,1.46
2163,5002,5111,2.40
2164,5001,5111,0.72
2165,5119,5111,2.92
2166,5118,5111,1.78
2167,5117,5111,2.36
2168,5116,5111,1.10
2169,5115,5111,1.62
2170,5114,5111,1.56
2171,5113,5111,0.28
2172,5112,5111,1.03
2173,5111,5111,0.00
2174,5110,5111,1.93
2175,5109,5111,4.98
2176,5108,5111,1.41
2177,5107,5111,1.80
2178,5106,5111,1.92
2179,5105,5111,1.32
2180,5104,5111,2.77
2181,5103,5111,2.24
2182,5102,5111,6.38
2183,5101,5111,9.54
2184,5126,5110,6.61
2185,5125,5110,5.44
2186,5124,5110,4.74
2187,5123,5110,9.02
2188,5122,5110,3.07
2189,5121,5110,9.05
2190,5120,5110,0.93
2191,5013,5110,0.13
2192,5014,5110,0.13
2193,5015,5110,0.19
2194,5016,5110,0.67
2195,5017,5110,0.44
2196,5018,5110,0.09
2197,5019,5110,0.02
2198,5020,5110,0.11
2199,5306,5110,0.57
2200,5305,5110,0.31
2201,5304,5110,0.10
2202,5303,5110,0.08
2203,5302,5110,0.01
2204,5301,5110,0.01
2205,5012,5110,0.82
2206,5011,5110,5.28
2207,5010,5110,8.02
2208,5009,5110,0.04
2209,5008,5110,1.87
2210,5007,5110,0.26
2211,5006,5110,2.09
2212,5005,5110,0.18
2213,5004,5110,0.87
2214,5003,5110,1.06
2215,5002,5110,2.95
2216,5001,5110,0.52
2217,5119,5110,12.59
2218,5118,5110,4.39
2219,5117,5110,3.21
2220,5116,5110,1.70
2221,5115,5110,1.29
2222,5114,5110,3.22
2223,5113,5110,0.74
2224,5112,5110,1.34
2225,5111,5110,1.49
2226,5110,5110,0.00
2227,5109,5110,4.89
2228,5108,5110,2.70
2229,5107,5110,3.39
2230,5106,5110,2.16
2231,5105,5110,1.30
2232,5104,5110,5.74
2233,5103,5110,5.30
2234,5102,5110,7.65
2235,5101,5110,12.94
2236,5126,5109,18.80
2237,5125,5109,11.43
2238,5124,5109,12.46
2239,5123,5109,20.18
2240,5122,5109,5.30
2241,5121,5109,15.10
2242,5120,5109,1.98
2243,5013,5109,0.65
2244,5014,5109,0.34
2245,5015,5109,0.22
2246,5016,5109,1.28
2247,5017,5109,0.49
2248,5018,5109,0.53
2249,5019,5109,0.01
2250,5020,5109,0.06
2251,5306,5109,1.22
2252,5305,5109,0.22
2253,5304,5109,0.27
2254,5303,5109,0.13
2255,5302,5109,0.05
2256,5301,5109,0.06
2257,5012,5109,1.35
2258,5011,5109,11.06
2259,5010,5109,19.37
2260,5009,5109,0.06
2261,5008,5109,1.76
2262,5007,5109,0.44
2263,5006,5109,4.66
2264,5005,5109,1.16
2265,5004,5109,1.75
2266,5003,5109,1.62
2267,5002,5109,7.61
2268,5001,5109,2.35
2269,5119,5109,21.07
2270,5118,5109,17.85
2271,5117,5109,4.38
2272,5116,5109,2.39
2273,5115,5109,1.84
2274,5114,5109,4.07
2275,5113,5109,1.47
2276,5112,5109,2.89
2277,5111,5109,5.95
2278,5110,5109,8.96
2279,5109,5109,0.00
2280,5108,5109,0.85
2281,5107,5109,0.76
2282,5106,5109,1.03
2283,5105,5109,0.88
2284,5104,5109,2.82
2285,5103,5109,1.86
2286,5102,5109,4.52
2287,5101,5109,17.69
2288,5126,5108,25.36
2289,5125,5108,15.80
2290,5124,5108,15.23
2291,5123,5108,33.23
2292,5122,5108,10.57
2293,5121,5108,20.90
2294,5120,5108,2.37
2295,5013,5108,1.97
2296,5014,5108,12.21
2297,5015,5108,7.55
2298,5016,5108,75.13
2299,5017,5108,15.82
2300,5018,5108,22.91
2301,5019,5108,7.12
2302,5020,5108,0.00
2303,5306,5108,0.58
2304,5305,5108,1.11
2305,5304,5108,0.81
2306,5303,5108,0.09
2307,5302,5108,0.00
2308,5301,5108,0.00
2309,5012,5108,0.69
2310,5011,5108,9.57
2311,5010,5108,16.97
2312,5009,5108,10.97
2313,5008,5108,5.64
2314,5007,5108,0.57
2315,5006,5108,7.83
2316,5005,5108,1.36
2317,5004,5108,5.42
2318,5003,5108,4.76
2319,5002,5108,10.68
2320,5001,5108,2.79
2321,5119,5108,0.44
2322,5118,5108,0.36
2323,5117,5108,1.06
2324,5116,5108,0.22
2325,5115,5108,0.28
2326,5114,5108,0.25
2327,5113,5108,0.00
2328,5112,5108,0.15
2329,5111,5108,0.15
2330,5110,5108,0.12
2331,5109,5108,0.28
2332,5108,5108,0.00
2333,5107,5108,0.04
2334,5106,5108,0.02
2335,5105,5108,0.01
2336,5104,5108,0.08
2337,5103,5108,0.11
2338,5102,5108,0.37
2339,5101,5108,4.28
2340,5126,5107,11.43
2341,5125,5107,6.81
2342,5124,5107,5.78
2343,5123,5107,10.91
2344,5122,5107,4.25
2345,5121,5107,11.11
2346,5120,5107,2.88
2347,5013,5107,0.24
2348,5014,5107,0.14
2349,5015,5107,0.04
2350,5016,5107,0.39
2351,5017,5107,0.31
2352,5018,5107,0.65
2353,5019,5107,0.11
2354,5020,5107,0.11
2355,5306,5107,0.96
2356,5305,5107,1.22
2357,5304,5107,1.01
2358,5303,5107,0.11
2359,5302,5107,0.06
2360,5301,5107,0.03
2361,5012,5107,1.36
2362,5011,5107,6.80
2363,5010,5107,10.41
2364,5009,5107,0.04
2365,5008,5107,2.55
2366,5007,5107,0.32
2367,5006,5107,2.13
2368,5005,5107,0.44
2369,5004,5107,1.41
2370,5003,5107,2.23
2371,5002,5107,6.01
2372,5001,5107,1.58
2373,5119,5107,14.01
2374,5118,5107,11.65
2375,5117,5107,1.81
2376,5116,5107,1.09
2377,5115,5107,0.81
2378,5114,5107,1.86
2379,5113,5107,0.76
2380,5112,5107,2.82
2381,5111,5107,5.18
2382,5110,5107,11.41
2383,5109,5107,5.43
2384,5108,5107,0.37
2385,5107,5107,0.00
2386,5106,5107,0.77
2387,5105,5107,0.46
2388,5104,5107,1.09
2389,5103,5107,0.25
2390,5102,5107,0.84
2391,5101,5107,7.29
2392,5126,5106,10.39
2393,5125,5106,6.22
2394,5124,5106,5.68
2395,5123,5106,10.76
2396,5122,5106,3.55
2397,5121,5106,10.62
2398,5120,5106,3.08
2399,5013,5106,0.19
2400,5014,5106,0.05
2401,5015,5106,0.04
2402,5016,5106,0.34
2403,5017,5106,0.24
2404,5018,5106,1.02
2405,5019,5106,0.06
2406,5020,5106,0.10
2407,5306,5106,0.30
2408,5305,5106,0.56
2409,5304,5106,0.38
2410,5303,5106,0.02
2411,5302,5106,0.05
2412,5301,5106,0.05
2413,5012,5106,1.63
2414,5011,5106,6.02
2415,5010,5106,9.97
2416,5009,5106,0.03
2417,5008,5106,1.59
2418,5007,5106,0.24
2419,5006,5106,1.99
2420,5005,5106,0.49
2421,5004,5106,1.57
2422,5003,5106,1.48
2423,5002,5106,4.50
2424,5001,5106,0.82
2425,5119,5106,12.41
2426,5118,5106,10.12
2427,5117,5106,1.18
2428,5116,5106,1.02
2429,5115,5106,1.36
2430,5114,5106,1.64
2431,5113,5106,0.59
2432,5112,5106,1.46
2433,5111,5106,3.53
2434,5110,5106,7.11
2435,5109,5106,3.19
2436,5108,5106,0.29
2437,5107,5106,1.16
2438,5106,5106,0.00
2439,5105,5106,0.63
2440,5104,5106,2.70
2441,5103,5106,1.80
2442,5102,5106,4.83
2443,5101,5106,4.77
2444,5126,5105,5.89
2445,5125,5105,3.47
2446,5124,5105,3.49
2447,5123,5105,6.28
2448,5122,5105,1.56
2449,5121,5105,5.98
2450,5120,5105,1.60
2451,5013,5105,0.08
2452,5014,5105,0.04
2453,5015,5105,0.03
2454,5016,5105,0.20
2455,5017,5105,0.11
2456,5018,5105,0.74
2457,5019,5105,0.01
2458,5020,5105,0.03
2459,5306,5105,0.26
2460,5305,5105,0.09
2461,5304,5105,0.02
2462,5303,5105,0.00
2463,5302,5105,0.00
2464,5301,5105,0.03
2465,5012,5105,0.78
2466,5011,5105,3.74
2467,5010,5105,5.54
2468,5009,5105,0.01
2469,5008,5105,0.74
2470,5007,5105,0.16
2471,5006,5105,1.20
2472,5005,5105,0.23
2473,5004,5105,0.80
2474,5003,5105,0.55
2475,5002,5105,2.11
2476,5001,5105,0.31
2477,5119,5105,6.93
2478,5118,5105,5.34
2479,5117,5105,0.51
2480,5116,5105,0.52
2481,5115,5105,0.91
2482,5114,5105,0.73
2483,5113,5105,0.30
2484,5112,5105,0.68
2485,5111,5105,1.68
2486,5110,5105,3.47
2487,5109,5105,1.28
2488,5108,5105,0.09
2489,5107,5105,0.29
2490,5106,5105,0.39
2491,5105,5105,0.00
2492,5104,5105,0.98
2493,5103,5105,0.52
2494,5102,5105,1.82
2495,5101,5105,2.06
2496,5126,5104,18.02
2497,5125,5104,6.84
2498,5124,5104,10.32
2499,5123,5104,27.79
2500,5122,5104,6.49
2501,5121,5104,18.64
2502,5120,5104,3.47
2503,5013,5104,0.22
2504,5014,5104,0.01
2505,5015,5104,0.06
2506,5016,5104,0.46
2507,5017,5104,0.23
2508,5018,5104,0.71
2509,5019,5104,0.06
2510,5020,5104,0.07
2511,5306,5104,0.01
2512,5305,5104,0.41
2513,5304,5104,0.94
2514,5303,5104,0.09
2515,5302,5104,0.06
2516,5301,5104,0.02
2517,5012,5104,1.87
2518,5011,5104,15.70
2519,5010,5104,13.94
2520,5009,5104,0.03
2521,5008,5104,0.80
2522,5007,5104,0.28
2523,5006,5104,0.75
2524,5005,5104,0.07
2525,5004,5104,0.75
2526,5003,5104,0.82
2527,5002,5104,3.99
2528,5001,5104,0.75
2529,5119,5104,15.92
2530,5118,5104,10.88
2531,5117,5104,3.32
2532,5116,5104,2.66
2533,5115,5104,4.10
2534,5114,5104,2.61
2535,5113,5104,0.54
2536,5112,5104,1.86
2537,5111,5104,2.90
2538,5110,5104,4.06
2539,5109,5104,3.17
2540,5108,5104,0.38
2541,5107,5104,1.15
2542,5106,5104,0.94
2543,5105,5104,0.54
2544,5104,5104,0.00
2545,5103,5104,1.46
2546,5102,5104,3.82
2547,5101,5104,13.40
2548,5126,5103,2.84
2549,5125,5103,1.33
2550,5124,5103,1.75
2551,5123,5103,4.53
2552,5122,5103,1.48
2553,5121,5103,2.81
2554,5120,5103,0.49
2555,5013,5103,0.09
2556,5014,5103,0.05
2557,5015,5103,0.04
2558,5016,5103,0.29
2559,5017,5103,0.07
2560,5018,5103,0.17
2561,5019,5103,0.00
2562,5020,5103,0.06
2563,5306,5103,0.05
2564,5305,5103,0.07
2565,5304,5103,0.07
2566,5303,5103,0.14
2567,5302,5103,0.51
2568,5301,5103,0.18
2569,5012,5103,0.08
2570,5011,5103,2.47
2571,5010,5103,4.11
2572,5009,5103,0.01
2573,5008,5103,0.18
2574,5007,5103,0.01
2575,5006,5103,0.70
2576,5005,5103,0.04
2577,5004,5103,0.07
2578,5003,5103,0.52
2579,5002,5103,1.32
2580,5001,5103,0.39
2581,5119,5103,4.22
2582,5118,5103,2.70
2583,5117,5103,0.42
2584,5116,5103,0.40
2585,5115,5103,1.18
2586,5114,5103,1.24
2587,5113,5103,0.36
2588,5112,5103,0.90
2589,5111,5103,1.64
2590,5110,5103,2.82
2591,5109,5103,1.58
2592,5108,5103,0.10
2593,5107,5103,0.30
2594,5106,5103,0.55
2595,5105,5103,0.37
2596,5104,5103,0.58
2597,5103,5103,0.00
2598,5102,5103,1.78
2599,5101,5103,1.69
2600,5126,5102,20.68
2601,5125,5102,18.50
2602,5124,5102,14.08
2603,5123,5102,34.07
2604,5122,5102,7.41
2605,5121,5102,31.77
2606,5120,5102,5.78
2607,5013,5102,1.39
2608,5014,5102,0.19
2609,5015,5102,0.47
2610,5016,5102,0.90
2611,5017,5102,0.32
2612,5018,5102,2.23
2613,5019,5102,0.03
2614,5020,5102,0.19
2615,5306,5102,0.13
2616,5305,5102,1.46
2617,5304,5102,1.01
2618,5303,5102,0.81
2619,5302,5102,0.09
2620,5301,5102,0.09
2621,5012,5102,1.73
2622,5011,5102,14.61
2623,5010,5102,29.47
2624,5009,5102,0.07
2625,5008,5102,2.50
2626,5007,5102,0.44
2627,5006,5102,1.57
2628,5005,5102,0.47
2629,5004,5102,1.65
2630,5003,5102,1.05
2631,5002,5102,5.80
2632,5001,5102,1.80
2633,5119,5102,32.55
2634,5118,5102,22.13
2635,5117,5102,4.49
2636,5116,5102,3.36
2637,5115,5102,2.49
2638,5114,5102,4.08
2639,5113,5102,1.14
2640,5112,5102,4.08
2641,5111,5102,7.82
2642,5110,5102,18.29
2643,5109,5102,13.73
2644,5108,5102,0.77
2645,5107,5102,2.04
2646,5106,5102,2.08
2647,5105,5102,1.31
2648,5104,5102,8.27
2649,5103,5102,4.47
2650,5102,5102,0.00
2651,5101,5102,18.11
2652,5126,5101,38.40
2653,5125,5101,23.93
2654,5124,5101,23.07
2655,5123,5101,50.31
2656,5122,5101,16.01
2657,5121,5101,31.64
2658,5120,5101,3.59
2659,5013,5101,2.99
2660,5014,5101,18.49
2661,5015,5101,11.44
2662,5016,5101,113.77
2663,5017,5101,23.96
2664,5018,5101,34.70
2665,5019,5101,10.78
2666,5020,5101,0.00
2667,5306,5101,0.88
2668,5305,5101,1.68
2669,5304,5101,1.23
2670,5303,5101,0.14
2671,5302,5101,0.00
2672,5301,5101,0.00
2673,5012,5101,1.04
2674,5011,5101,14.50
2675,5010,5101,25.70
2676,5009,5101,16.61
2677,5008,5101,8.54
2678,5007,5101,0.86
2679,5006,5101,11.85
2680,5005,5101,2.06
2681,5004,5101,8.21
2682,5003,5101,7.21
2683,5002,5101,16.17
2684,5001,5101,4.22
2685,5119,5101,0.67
2686,5118,5101,0.55
2687,5117,5101,1.61
2688,5116,5101,0.33
2689,5115,5101,0.42
2690,5114,5101,0.37
2691,5113,5101,0.00
2692,5112,5101,0.23
2693,5111,5101,0.23
2694,5110,5101,0.18
2695,5109,5101,0.43
2696,5108,5101,0.05
2697,5107,5101,0.06
2698,5106,5101,0.03
2699,5105,5101,0.01
2700,5104,5101,0.12
2701,5103,5101,0.17
2702,5102,5101,0.55
2703,5101,5101,0.00
